QM,ORIGINAL,BM3D,KSVD,WNNM,FOE,NCSR,EPLL
"MSE",417.799567286173,3605.67248566945,2711.95502611796,NaN,407.955651028951,NaN,3052.88540643056
"PSNR",28.05106489921,30.1380694687471,30.0466350917794,NaN,28.4576408996632,NaN,27.4652140127556
"SSIM",0.503258650626292,0.646922619437927,0.749051394888013,NaN,0.526822518008497,NaN,0.74795754421696
"TIME",0,6.75128353060625,138.462978977644,NaN,101.840249478132,NaN,464.770494408671
