QM,ORIGINAL,BM3D,KSVD,WNNM,FOE,NCSR,EPLL
"MSE",327.821859995524,323.478172302246,NaN,NaN,NaN,NaN,NaN
"PSNR",34.6076152875676,35.3021516939712,NaN,NaN,NaN,NaN,NaN
"SSIM",0.79725506618091,0.67039862059414,NaN,NaN,NaN,NaN,NaN
