QM,ORIGINAL,BM3D,KSVD,WNNM,FOE,NCSR,EPLL
"MSE",417.799567286173,1431.7840447108,1004.97239723206,NaN,346.351612726847,NaN,3051.63115291595
"PSNR",28.05106489921,28.8696579961094,31.9195868844955,NaN,30.6585253741552,NaN,27.4687140254927
"SSIM",0.503258650626292,0.547327169567773,0.772548209904691,NaN,0.651176824730899,NaN,0.74796936425649
"TIME",0,4.08653422853552,155.512157765963,NaN,47.1046152151738,NaN,470.539952226584
