QM,ORIGINAL,BM3D,KSVD,WNNM,FOE,NCSR,EPLL
"MSE",417.799567286173,1854.13061841329,1472.17591400146,NaN,346.332693163554,NaN,3052.23666725159
"PSNR",28.05106489921,29.4732661427322,32.0976378760292,NaN,30.7289629265889,NaN,27.467060643531
"SSIM",0.503258650626292,0.579589695549325,0.78631396103294,NaN,0.655923669335412,NaN,0.747963822598516
"TIME",0,4.09463048435028,102.067556888341,NaN,72.2930437216367,NaN,464.022409431046
