QM,ORIGINAL,BM3D,KSVD,WNNM,FOE,NCSR,EPLL
"MSE",327.821859995524,345.393330891927,283.137064615885,659.370569864909,321.515669504801,319.400009155273,248.02946472168
"PSNR",34.6076152875676,36.0151042496811,40.4285130900415,21.084666600349,35.9166758027967,35.7942825693328,32.9462252328203
"SSIM",0.79725506618091,0.663189390580133,0.959693222348319,0.959397342067863,0.849080603093351,0.837651054590337,0.931099520872256
"TIME",0,5.311810851,46.142317395,279.194043497,279.194043497,446.282815936,352.148868302
