Algorithm,MSE,PSNR,SSIM,TIME
"before-denoising",280.320723215739,29.6878776277629,0.620488040713831,0
"BM3D",200.615033467611,32.7867944321911,0.771203957516558,3.99408418100685
"KSVD",221.305001576742,36.4234817584068,0.862379037924915,76.2516394232136
"FOE",246.476178487142,32.3823496616968,0.748476819931164,26.9148419711291
"EPLL",197.578534444173,36.6634263659231,0.902183274995523,502.087922112989
