Algorithm,MSE,PSNR,SSIM,TIME
"before-denoising",280.320723215739,29.6878776277629,0.620488040713831,0
"BM3D",182.912556966146,35.248967340913,0.850076372473768,4.04770630757522
"KSVD",210.552558898926,41.6636440881619,0.908366477239801,54.7230302446542
"FOE",248.691864013672,32.1569577517053,0.741570163231453,43.9765708145561
"EPLL",197.561890920003,36.6490303115805,0.902137379434972,474.590681854787
