Algorithm,MSE,PSNR,SSIM,TIME
"before-denoising",237.0910059611,30.4927338511989,0.630192625691291,0
"BM3D",287.223513285319,33.7732613887423,0.740997922346866,3.94225543263719
"KSVD",227.856811523438,36.0786599289548,0.883311425153957,65.0795635415647
"FOE",208.474959055583,33.0353800134244,0.761770331605257,26.8221764655725
"EPLL",1364.04351170858,28.7988290501478,0.853421692567188,493.787893848432
