Algorithm,MSE,PSNR,SSIM
"before-denoising",327.821859995524,34.6076152875676,0.79725506618091
"BM3D",323.478172302246,35.3021516939712,0.67039862059414
