Algorithm,MSE,PSNR,SSIM,TIME
"before-denoising",280.320723215739,29.6878776277629,0.620488040713831,0
"BM3D",164.147172292074,35.7285521392065,0.90659349073275,6.60544297981058
"KSVD",206.599096934001,42.8161155368339,0.916436178908082,148.16182445342
"FOE",272.667490641276,30.1830139566645,0.647300390810142,101.906013244866
"EPLL",197.555349985759,36.6390863506091,0.902104415595267,465.212611044968
