Algorithm,MSE,PSNR,SSIM,TIME
"before-denoising",1491.1966082255,22.2846444078916,0.207735763058466,0
"BM3D",1031.75427500407,25.1196086305059,0.3452056968358,4.15734278432722
"KSVD",1059.57177352905,27.3077835373498,0.617731537597616,204.53745448459
"FOE",1322.72645441691,24.7173001979361,0.344509784960347,51.5921286368905
"EPLL",1074.34278106689,37.1155462850593,0.904107466009958,467.853699735671
