Algorithm,MSE,PSNR,SSIM,TIME
"before-denoising",327.821859995524,34.6076152875676,0.797255066180911,0
"BM3D",346.290309906006,35.8329294335267,0.659188363117109,4.21260828167288
"KSVD",267.964473724365,39.7424094414936,0.958744822859705,46.394610707056
"FOE",321.515669504801,35.9166758027967,0.849080603093353,23.4355856289732
"EPLL",248.02946472168,32.9462252328203,0.931099520872259,501.000506077669
